"Tilltalsnamn, de 100 vanligaste efter bärarnas födelseår efter tilltalsnamn och tid"

"tilltalsnamn","1916","1917","1918","1919","1920","1921","1922","1923","1924","1925","1926","1927","1928","1929","1930","1931","1932","1933","1934","1935","1936","1937","1938","1939","1940","1941","1942","1943","1944","1945","1946","1947","1948","1949","1950","1951","1952","1953","1954","1955","1956","1957","1958","1959","1960","1961","1962","1963","1964","1965","1966","1967","1968","1969","1970","1971","1972","1973","1974","1975","1976","1977","1978","1979","1980","1981","1982","1983","1984","1985","1986","1987","1988","1989","1990","1991","1992","1993","1994","1995","1996","1997","1998","1999","2000","2001","2002","2003","2004","2005","2006","2007","2008","2009","2010","2011","2012","2013","2014","2015","2016"
"Adam",..,..,..,..,..,..,..,..,..,..,..,..,..,..,..,..,..,..,..,..,..,..,..,..,..,..,..,..,..,10,..,11,12,..,10,17,12,11,16,13,15,14,11,17,21,17,26,28,37,30,50,62,64,70,90,84,90,87,97,118,99,110,117,123,155,126,155,166,201,248,295,326,460,599,693,791,872,813,698,649,599,625,653,710,790,722,665,649,623,613,573,545,516,548,493,507,485,495,515,591,555
"Albin",..,..,..,..,..,..,..,..,..,..,..,..,..,..,..,..,..,..,..,..,..,..,..,..,..,..,..,..,..,..,..,..,..,..,..,..,..,..,..,..,..,..,..,..,..,..,..,..,..,..,..,..,..,..,..,..,10,..,..,15,21,15,16,20,17,19,38,43,45,53,70,76,98,127,195,203,297,312,404,438,432,525,678,677,742,870,894,886,786,720,739,696,639,593,570,532,479,456,435,408,346
"Alexander",..,..,..,..,..,..,..,..,..,..,..,..,..,..,..,..,..,..,..,..,..,..,15,..,..,..,..,14,17,..,18,20,22,12,21,14,16,16,15,29,28,33,36,24,27,34,36,32,40,39,44,68,54,87,98,152,140,135,181,178,192,178,275,257,282,309,357,491,579,849,891,1049,1182,1305,1698,1562,1580,1423,1386,1262,1152,1135,1087,1034,999,1001,1091,1008,954,947,886,799,879,865,883,753,736,720,613,630,612
"Ali",..,..,..,..,..,..,..,..,..,..,..,..,..,..,..,..,..,..,..,13,12,12,13,16,15,13,16,24,21,36,41,43,43,59,75,66,63,67,82,90,95,101,110,123,143,129,135,125,155,131,158,130,143,140,136,126,121,143,150,167,161,170,177,201,211,178,211,226,271,249,275,203,214,204,230,212,195,242,311,312,323,306,341,297,288,256,207,210,209,198,178,190,160,178,204,205,190,171,169,167,176
"Anders",..,..,..,..,24,22,38,34,75,52,58,90,86,112,119,130,167,158,129,166,181,223,256,350,385,414,586,692,920,986,1067,1164,1247,1364,1279,1377,1455,1587,1612,1666,1853,1878,2050,2396,2352,2444,2531,2667,2697,2767,2744,2457,2346,2000,1806,1726,1721,1730,1812,1504,1332,1294,1188,1154,1137,1133,1000,946,828,813,622,583,526,451,378,340,254,186,171,134,104,82,62,57,50,33,38,41,31,25,24,16,23,14,12,..,11,14,12,..,..
"Andreas",..,..,..,..,..,..,..,..,..,..,..,..,..,..,..,..,..,..,..,..,..,..,..,..,..,..,..,..,..,..,..,..,19,15,14,12,16,17,24,28,23,29,29,47,34,56,57,72,97,102,108,172,246,277,411,726,1072,1359,1631,1796,1677,1622,1789,1852,1968,1750,1730,1793,1738,1645,1631,1619,1652,1636,1678,1643,1497,1219,1106,943,804,639,555,465,374,313,291,212,205,177,116,104,65,67,55,54,44,45,45,40,20
"Anton",..,..,..,..,..,..,..,..,..,..,..,..,..,..,..,..,..,..,..,..,..,..,17,20,..,17,16,14,17,10,..,..,10,12,12,..,12,10,..,..,13,..,10,10,17,10,16,15,13,..,22,13,21,17,19,23,23,17,26,21,45,45,62,60,94,101,110,159,190,230,342,378,661,776,939,1111,1134,1438,1402,1151,1187,1123,1078,1060,1057,1020,970,978,873,821,902,787,736,670,650,627,626,566,467,413,271
"Arne",..,12,..,13,29,33,43,77,107,148,167,181,246,244,263,263,302,289,292,316,321,299,366,372,355,315,387,423,495,508,390,453,423,410,372,369,323,357,304,296,262,260,228,202,177,169,156,124,113,91,97,62,43,60,50,45,37,40,27,31,23,21,19,16,21,13,12,..,10,..,..,10,..,..,10,..,10,..,..,..,..,..,..,..,..,..,..,..,..,..,..,..,..,..,..,..,..,..,..,..,11
"Axel",..,..,..,13,..,30,28,36,41,37,61,41,72,66,65,59,70,55,63,70,73,68,70,79,81,52,81,76,64,53,62,54,48,43,30,41,26,33,29,37,26,13,17,16,24,10,18,17,17,12,21,21,19,12,23,22,17,28,30,33,41,36,47,42,75,72,69,78,92,108,137,125,144,209,226,283,382,458,490,457,441,485,541,532,570,579,649,689,737,723,735,723,690,727,703,644,679,646,609,633,495
"Bengt",..,10,12,14,29,54,49,78,130,170,259,289,308,422,463,536,615,705,752,817,1066,1119,1097,1242,1214,1305,1608,1641,1718,1818,1671,1670,1641,1665,1551,1486,1444,1253,1133,1115,1115,1031,923,916,791,724,657,548,517,448,473,358,315,253,219,204,194,171,145,129,117,123,95,117,89,93,102,20,20,27,23,13,15,13,14,22,..,..,..,..,..,..,..,..,..,..,..,..,..,..,..,..,..,..,..,..,..,..,..,..,..
"Bernt",..,..,..,..,..,..,..,..,..,..,..,..,..,..,..,..,..,..,..,..,..,..,..,..,..,..,..,..,..,..,..,..,..,..,..,..,..,..,..,..,..,..,..,..,..,..,..,..,..,..,..,..,..,..,..,..,..,..,..,..,..,..,..,..,..,..,..,..,..,..,..,..,..,..,..,..,..,..,..,..,..,..,..,..,..,..,..,..,..,..,..,..,..,..,..,..,..,..,..,..,..
"Bertil",11,12,..,..,25,30,38,64,82,94,119,133,205,164,211,233,253,266,302,306,309,369,410,362,374,366,386,416,429,474,370,449,464,397,385,329,334,329,243,234,208,203,150,159,134,113,102,81,80,54,43,52,29,35,41,23,21,20,16,25,..,..,17,12,15,..,..,..,..,..,..,..,..,..,..,..,..,..,..,..,..,..,..,..,..,..,..,..,..,..,..,..,..,..,14,25,21,29,39,31,32
"Björn",..,..,..,..,..,..,..,..,..,..,13,10,20,32,38,42,72,88,111,142,171,248,329,442,462,490,628,803,881,881,898,876,828,688,662,587,674,607,572,613,666,638,669,694,680,750,672,664,750,671,717,719,654,616,584,588,601,591,682,714,635,635,622,624,662,590,584,499,489,426,446,479,448,356,317,278,237,177,152,109,101,78,56,52,52,40,33,37,46,27,27,32,37,37,40,35,44,50,54,48,55
"Bo",..,..,..,..,..,..,10,11,34,38,45,62,77,114,154,226,280,343,425,546,631,771,930,1073,1151,1228,1484,1547,1666,1641,1864,1870,1714,1686,1482,1348,1458,1327,1162,1145,1103,992,940,905,808,697,597,586,551,504,444,352,282,264,242,224,198,184,159,136,120,113,99,97,115,109,97,33,27,22,20,28,17,14,16,26,..,..,..,..,..,..,..,..,..,..,..,..,..,..,16,12,15,21,28,32,48,54,66,71,60
"Christer",..,..,..,..,..,..,..,..,..,..,..,..,..,..,..,..,..,..,13,20,18,22,33,72,120,223,430,632,833,911,989,1046,1056,1026,984,939,964,949,1002,972,996,967,944,1029,981,1000,1034,1129,1186,1176,1017,1037,875,714,660,585,498,410,422,291,243,236,235,204,217,153,149,173,137,134,123,109,92,66,67,60,46,30,19,17,12,11,11,..,..,..,..,..,..,..,..,..,..,..,..,..,..,..,..,..,..
"Christian",..,..,..,..,..,..,..,..,..,..,..,..,..,..,..,..,..,11,10,11,..,14,12,11,18,14,28,39,34,42,49,41,42,51,45,65,56,51,62,82,81,76,119,121,125,102,162,220,239,292,296,326,437,429,510,686,745,712,772,799,804,807,957,1006,1119,961,931,1019,910,979,870,877,844,787,713,637,531,454,382,314,307,224,230,189,199,163,163,154,132,137,135,122,137,109,114,120,108,99,109,103,86
"Christoffer",..,..,..,..,..,..,..,..,..,..,..,..,..,..,..,..,..,..,..,..,..,..,..,..,..,..,..,..,..,11,13,15,17,12,20,14,20,16,10,21,25,30,26,39,34,30,31,44,44,61,67,66,91,106,171,201,216,281,319,318,382,457,498,642,705,673,801,1302,1491,1532,1554,1539,1617,1769,1707,1496,1437,1180,988,816,642,550,478,381,373,323,298,256,209,157,143,122,121,84,85,85,62,57,53,54,46
"Claes",..,..,..,..,..,..,15,10,14,25,28,37,44,43,58,71,72,81,77,91,121,104,122,170,177,231,306,396,454,488,486,491,464,396,417,386,409,374,345,357,427,415,381,431,320,341,351,364,436,447,453,407,372,396,375,380,353,323,323,261,241,261,215,257,246,233,222,154,137,141,137,119,121,97,89,92,75,56,48,49,40,34,40,31,41,29,28,27,15,17,10,14,19,10,..,13,..,21,14,10,12
"Dan",..,..,..,..,..,..,..,..,..,..,..,..,..,..,..,11,14,23,22,36,32,37,40,66,54,97,108,110,147,174,193,196,188,197,211,266,266,303,333,305,394,391,402,338,353,330,308,316,292,316,274,297,271,214,237,209,209,218,218,222,204,172,173,154,183,193,201,178,155,147,118,106,120,113,91,63,62,29,36,29,13,17,21,15,12,..,..,..,13,..,..,..,..,11,..,..,..,..,..,..,..
"Daniel",..,..,..,..,..,..,..,..,..,..,..,..,..,..,..,..,..,..,..,..,11,13,..,..,13,..,..,13,12,16,17,20,24,30,18,28,34,36,36,33,42,45,40,53,60,64,76,111,122,147,207,290,339,417,491,733,958,1297,2088,2146,2275,2321,2191,2308,2150,2102,2083,2057,1923,1733,1821,1934,1866,1759,1727,1640,1620,1344,1218,1147,998,969,828,769,658,507,498,423,404,352,302,287,242,246,239,202,205,195,177,218,160
"David ",..,..,..,..,..,..,..,..,..,11,12,15,17,16,26,24,21,17,22,20,27,34,24,25,28,24,31,28,35,32,30,37,39,49,46,55,48,55,42,54,47,55,57,87,95,74,83,115,138,131,173,194,242,260,270,303,383,433,516,549,597,593,675,801,891,918,867,895,973,931,875,934,928,950,983,974,923,888,854,738,741,740,733,694,660,679,650,646,628,483,482,411,414,356,320,275,263,230,230,197,171
"Dennis",..,..,..,..,..,..,..,..,..,..,..,..,..,..,..,..,..,..,..,12,..,12,10,..,16,12,12,15,25,41,46,40,39,73,56,69,70,77,75,80,88,73,95,114,74,95,89,96,102,119,111,138,158,138,135,162,173,178,172,175,193,185,202,212,262,215,204,262,248,301,368,472,531,540,630,551,566,530,476,425,365,351,320,293,292,234,217,216,199,175,135,162,143,140,100,93,121,82,62,63,62
"Elias",..,..,..,..,..,..,..,..,..,..,..,..,..,..,..,..,..,..,..,..,..,..,..,..,..,..,..,10,..,..,..,..,10,..,10,10,..,..,14,14,11,15,19,22,14,22,17,13,19,23,29,20,25,23,25,19,25,29,27,30,28,42,41,43,56,65,89,70,106,89,126,129,121,133,158,176,201,281,368,335,382,452,432,497,640,745,890,897,904,1006,1045,1062,1001,1015,899,835,761,689,748,730,631
"Emil",..,..,..,..,..,..,..,..,..,12,11,..,11,..,10,10,12,..,..,..,14,..,10,14,..,..,10,..,10,..,..,14,..,10,..,..,..,..,14,..,..,..,..,..,..,..,..,..,..,10,10,..,20,17,37,71,84,90,125,160,186,198,205,243,236,295,325,433,456,584,683,802,878,1007,1094,1145,1164,1040,1095,1074,979,847,840,904,901,970,1032,1117,970,910,894,840,786,729,723,692,650,580,518,439,382
"Erik",37,35,35,33,70,76,118,148,179,225,272,327,349,371,416,416,434,384,411,480,450,452,441,512,433,463,552,593,575,610,611,623,604,519,499,436,431,409,380,365,396,363,358,322,360,415,394,440,463,462,550,560,560,487,505,518,610,614,737,725,807,809,909,1093,1194,1220,1350,1262,1342,1418,1320,1394,1365,1391,1507,1583,1552,1392,1446,1353,1211,1217,1219,1096,1105,1083,1096,1030,1021,889,903,866,787,758,759,659,615,511,453,418,352
"Felix",..,..,..,..,..,..,..,..,..,..,..,..,..,..,..,..,..,..,..,..,..,..,..,..,..,..,..,..,..,..,..,..,..,..,..,..,..,..,..,..,..,..,..,..,..,..,..,..,..,..,..,..,..,..,14,11,13,..,..,..,..,14,..,14,14,17,28,23,44,58,56,70,88,106,163,240,370,327,334,475,606,508,500,474,465,431,423,452,470,494,487,494,423,392,371,333,337,288,306,250,229
"Filip",..,..,..,..,..,..,..,..,..,..,..,..,..,..,..,..,..,..,..,..,..,..,..,..,..,..,..,12,..,..,..,15,15,13,11,11,16,20,15,11,13,19,23,20,17,24,30,34,30,41,34,30,40,33,42,60,36,64,65,81,68,96,100,116,161,194,202,250,311,299,379,443,493,675,1032,1090,1279,1206,1121,1164,1207,1272,1312,1228,1188,1080,1129,1144,1149,983,1000,851,781,715,721,613,684,647,556,552,506
"Fredrik",..,..,..,..,..,..,..,..,..,..,..,..,..,..,..,..,10,..,12,..,11,..,..,11,16,16,18,30,15,24,25,28,24,39,24,34,33,42,39,54,49,58,82,110,149,169,249,309,376,574,725,883,1029,1133,1631,2670,2700,2572,2373,2151,1951,1779,1556,1606,1560,1448,1349,1522,1481,1546,1831,1649,1769,1650,1506,1493,1406,1244,1045,834,687,549,419,373,334,238,212,165,135,116,117,70,61,50,55,34,42,39,24,33,18
"Gunnar",18,16,..,17,27,44,58,73,105,130,140,180,175,172,236,264,277,284,246,290,296,335,349,332,358,374,360,438,506,498,549,519,520,521,496,503,461,463,412,408,423,398,375,348,305,318,274,226,207,202,182,155,112,98,83,80,80,73,53,65,65,52,47,49,53,38,31,31,35,35,22,18,20,17,17,28,10,25,19,10,10,12,11,..,13,19,..,18,11,16,21,20,30,36,33,33,27,57,69,56,58
"Gustav",12,15,18,19,21,31,36,64,62,96,105,103,115,152,115,121,133,127,116,132,132,138,120,117,144,111,146,142,168,149,173,154,135,126,93,98,87,77,55,54,49,39,39,39,31,27,56,39,36,47,52,55,50,57,61,76,85,113,120,155,194,193,225,254,297,332,361,375,411,440,451,427,465,500,564,632,696,650,784,790,688,682,711,684,718,744,811,830,825,684,682,745,663,625,598,517,531,522,464,423,374
"Göran",..,..,..,..,..,..,10,11,19,15,31,43,38,59,71,85,105,135,166,207,270,311,326,397,401,500,664,781,836,869,891,842,864,823,841,792,1018,1081,941,942,985,946,890,764,652,633,611,600,577,602,498,434,371,318,237,250,198,155,149,134,101,96,68,76,70,61,44,49,38,29,25,27,25,14,16,14,..,..,..,..,..,..,..,..,..,..,..,..,..,..,..,..,..,..,..,..,..,..,..,..,..
"Hans",..,11,..,..,21,28,45,64,69,133,145,179,235,265,320,351,419,465,491,584,618,717,818,966,1011,1233,1448,1562,1734,1867,1794,1708,1616,1532,1527,1407,1349,1321,1280,1226,1267,1205,1093,1036,916,930,1004,970,978,924,932,803,748,652,593,547,481,409,424,355,335,328,308,289,293,265,218,116,105,110,78,62,68,67,59,96,34,26,21,20,18,16,15,..,13,14,..,..,..,..,10,..,..,..,11,..,..,..,14,..,..
"Henrik",..,..,..,..,..,..,..,..,..,10,..,17,..,13,15,13,13,17,16,28,21,21,14,22,16,27,29,35,45,46,67,73,63,70,66,74,73,86,95,98,100,141,123,168,189,195,224,302,320,385,465,597,664,776,839,987,1168,1325,1461,1339,1293,1368,1223,1125,1067,1031,933,964,912,944,848,821,712,679,625,609,674,535,481,482,377,273,251,206,177,191,151,137,111,99,92,75,59,41,42,41,38,30,31,27,31
"Hugo ",..,..,..,..,..,..,..,10,15,10,18,25,15,19,28,18,21,19,19,26,22,11,17,21,13,25,19,14,15,21,16,14,25,19,13,17,11,..,..,16,12,16,10,..,..,..,10,..,..,10,12,..,..,..,10,11,13,12,10,13,18,26,14,16,25,20,18,20,19,27,29,39,46,61,52,65,86,87,93,140,214,249,284,434,629,664,745,767,841,947,955,921,887,912,840,876,771,735,701,731,617
"Håkan",..,..,..,..,..,..,..,..,..,..,..,..,14,12,..,11,19,20,27,35,51,69,89,110,141,186,177,296,361,438,520,537,488,568,594,611,675,633,632,748,747,774,836,856,895,983,1062,1023,983,1036,1085,1079,876,810,627,551,487,417,366,329,264,234,189,216,197,165,141,115,98,95,83,57,56,63,45,28,21,25,20,16,14,15,10,..,..,..,..,..,..,..,..,..,..,..,..,..,..,..,..,..,..
"Isak",..,..,..,..,..,..,..,..,..,..,..,..,..,..,..,..,..,..,..,..,..,..,..,..,..,..,..,..,..,..,..,..,..,..,..,..,..,..,..,..,11,..,..,15,13,..,..,..,13,19,11,10,15,20,17,11,18,29,17,20,19,35,24,37,45,42,43,55,69,60,90,87,83,139,149,172,191,245,268,336,343,368,501,574,713,804,876,964,970,962,914,829,809,708,710,568,563,494,513,466,439
"Jakob",..,..,..,..,..,..,..,..,..,..,..,..,..,..,..,..,..,..,10,..,..,11,..,10,11,..,10,11,16,..,26,18,14,15,18,21,18,16,26,26,35,25,26,23,32,44,53,42,66,62,104,108,103,98,103,135,149,139,157,164,175,193,183,240,272,243,272,275,319,343,379,506,503,556,624,674,682,813,723,733,706,657,954,875,753,686,827,705,636,516,526,526,438,427,403,343,376,325,308,290,262
"Jan",..,..,..,..,..,..,..,14,18,15,22,30,54,66,120,141,157,203,330,472,540,777,885,947,1133,1285,1595,1856,2148,2128,2080,2109,2019,1957,1805,1698,1794,1885,1766,1768,1791,1757,1736,1612,1516,1587,1575,1614,1682,1597,1387,1273,1038,840,756,729,646,553,494,408,368,311,271,306,253,270,241,124,126,106,96,87,74,70,75,101,38,44,23,33,25,19,22,25,19,22,15,24,17,19,19,19,26,19,32,27,34,34,44,31,34
"Jesper",..,..,..,..,..,..,..,..,..,..,..,..,..,..,..,..,..,..,..,..,..,..,..,..,..,..,..,..,..,..,..,..,..,..,..,..,..,..,..,..,..,10,11,..,..,23,29,33,51,56,107,146,123,199,285,305,274,301,280,242,216,218,186,188,173,173,155,193,211,282,377,454,498,584,699,800,770,910,955,914,787,762,649,541,468,443,374,342,261,266,199,169,146,119,100,82,83,62,57,48,35
"Jimmy",..,..,..,..,..,..,..,..,..,..,..,..,..,..,..,..,..,..,..,..,..,..,..,..,..,..,..,..,14,10,12,14,21,16,17,24,28,34,23,33,27,48,37,65,128,98,78,102,122,122,136,180,178,186,159,247,304,322,383,522,637,643,574,612,680,633,555,582,594,615,636,646,668,675,637,585,411,370,283,224,177,117,106,73,72,54,38,35,43,30,27,26,23,20,23,12,..,15,12,..,14
"Joakim",..,..,..,..,..,..,..,..,..,..,..,..,..,..,..,..,..,..,..,..,..,..,..,..,11,15,..,10,..,..,..,15,..,10,..,13,12,12,20,16,34,43,70,111,167,199,306,470,697,739,804,904,872,987,1064,947,1138,1007,811,734,612,671,625,572,549,607,687,642,735,934,1149,1083,1190,1178,1314,1187,1059,943,763,651,524,390,313,274,262,217,191,133,96,98,68,83,76,48,33,33,24,22,19,24,23
"Joel",..,..,..,..,..,..,..,..,..,..,..,..,..,..,..,11,..,..,..,..,..,15,11,11,..,..,..,..,..,10,..,..,..,..,..,..,..,..,..,..,11,..,..,..,..,..,15,..,19,17,19,17,22,27,27,45,52,47,57,74,61,81,112,156,173,207,227,304,313,348,384,415,435,417,438,403,463,500,489,506,523,451,416,369,430,494,482,506,488,466,456,384,284,295,300,257,223,197,214,201,153
"Johan",12,10,..,..,19,17,29,33,35,45,58,67,69,72,88,77,73,76,87,73,95,81,92,78,88,89,100,112,119,101,174,156,123,133,146,140,170,160,220,209,232,319,365,466,562,702,777,892,1173,1428,1511,1592,1514,1677,1840,1861,1995,2242,2293,2169,2226,2264,2272,2210,2426,2270,2135,2182,2330,2112,2074,2057,2134,1954,2028,1835,1557,1521,1254,995,875,767,648,620,527,477,399,366,279,267,199,168,145,121,122,97,76,86,66,52,43
"John",12,11,11,10,25,51,50,68,94,98,108,144,199,187,258,245,262,244,251,260,271,244,254,263,249,270,296,325,318,339,275,305,266,244,216,202,193,181,197,181,159,151,163,120,173,121,158,178,284,282,253,243,266,235,267,306,262,270,270,244,240,281,294,309,324,358,410,365,366,346,346,324,326,355,358,395,364,350,312,273,264,224,202,176,166,161,164,150,160,157,161,159,166,166,172,160,203,165,196,208,156
"Johnny",..,..,..,..,..,..,..,..,..,..,..,..,..,..,10,..,10,20,26,26,27,30,75,77,74,97,111,149,164,188,210,185,250,284,295,258,241,235,277,354,309,290,278,263,245,276,323,494,514,459,434,404,334,288,283,275,254,254,270,279,262,291,265,232,280,276,288,217,237,220,211,200,208,229,188,146,123,123,68,65,54,51,34,32,26,26,23,15,14,18,21,22,19,14,16,16,23,24,14,16,18
"Jonas",..,..,..,..,..,..,..,10,..,10,20,13,17,14,19,24,24,26,29,20,23,24,31,24,24,26,33,31,39,48,41,35,42,33,39,50,47,59,68,77,92,118,161,152,217,357,454,543,676,821,925,1142,1252,1323,1435,1580,1607,1483,1431,1338,1226,1079,1101,1148,1172,1134,1053,1188,1178,1169,1167,1078,1128,1047,919,823,784,596,526,438,379,320,305,220,178,155,161,136,112,94,100,85,81,84,84,74,57,79,62,66,41
"Jonathan",..,..,..,..,..,..,..,..,..,..,..,..,..,..,..,..,..,..,..,..,..,..,..,..,..,..,..,..,..,..,..,..,..,..,..,..,..,..,..,..,..,..,..,..,..,..,15,12,16,14,19,16,20,27,32,27,34,44,44,63,64,66,109,110,149,202,173,259,270,344,408,482,624,687,790,867,976,999,988,1032,1116,944,991,909,869,763,751,768,704,633,616,552,471,466,378,377,336,301,272,248,189
"Josef",..,..,..,..,..,..,..,..,10,10,14,..,16,27,22,14,23,37,28,30,49,27,48,51,56,44,54,42,44,45,58,67,60,64,81,57,72,62,75,74,102,87,73,80,110,95,82,86,88,93,89,98,95,96,95,80,90,92,111,134,109,91,123,136,169,156,157,160,184,194,196,230,194,173,201,188,174,193,206,220,230,252,193,215,228,190,198,237,243,246,243,280,299,304,351,314,334,338,372,361,310
"Jörgen",..,..,..,..,..,..,..,..,..,..,..,..,..,14,14,18,17,20,29,43,31,51,59,53,72,70,100,148,136,202,175,182,190,141,163,182,219,213,222,287,327,314,334,359,391,437,592,750,770,914,888,931,954,890,789,669,588,448,434,318,274,247,187,150,114,116,77,80,72,44,41,42,26,29,24,25,22,10,12,..,..,..,..,..,..,..,..,..,..,..,..,..,..,..,..,..,..,..,..,..,..
"Karl",40,52,41,67,124,178,223,298,374,461,548,642,778,845,934,941,913,950,1011,1049,1060,1138,1092,1167,1118,1129,1191,1243,1344,1325,1336,1284,1301,1048,983,842,813,744,649,576,512,437,413,351,346,367,309,345,390,398,431,529,508,540,625,715,778,774,797,862,904,847,885,1026,1122,1104,1134,610,586,627,640,592,627,717,789,1034,780,656,704,742,645,625,613,622,612,608,596,612,571,526,448,458,449,422,338,332,284,298,295,276,261
"Kenneth",..,..,..,..,..,..,..,..,..,..,..,..,..,..,..,..,11,12,12,21,26,50,62,81,86,138,202,286,366,412,434,459,541,556,564,557,552,626,592,595,543,500,488,473,422,441,478,489,562,505,450,386,346,296,250,230,190,158,145,111,125,109,95,95,104,74,77,74,64,53,50,44,39,39,30,32,34,16,14,23,10,..,10,10,..,..,..,..,..,..,..,..,..,..,..,..,..,..,..,..,..
"Kent",..,..,..,..,..,..,..,..,..,..,..,..,..,..,..,..,..,10,20,36,45,78,88,115,131,202,292,489,571,586,645,653,748,883,857,868,785,743,846,836,745,635,635,584,581,566,584,533,599,608,512,486,369,329,262,249,210,198,157,106,104,111,78,61,81,84,65,35,32,38,29,33,43,30,22,19,17,14,14,..,..,..,..,..,..,..,..,..,..,..,..,..,..,..,..,..,..,..,..,..,..
"Kevin",..,..,..,..,..,..,..,..,..,..,..,..,..,..,..,..,..,..,..,..,..,..,..,..,..,..,..,..,..,..,..,..,..,..,..,..,..,..,..,..,..,..,..,..,..,..,..,..,10,..,11,..,13,12,11,13,11,18,19,15,23,18,27,19,22,22,31,19,34,39,37,61,64,96,155,231,328,387,447,552,493,449,511,491,540,527,499,533,562,522,517,421,485,436,402,399,363,324,295,278,243
"Kjell",..,..,..,..,..,11,14,22,26,43,49,80,124,144,147,205,256,262,343,423,510,585,669,773,742,904,1017,1200,1253,1257,1283,1219,1241,1332,1289,1087,1026,985,903,881,728,683,648,572,513,421,409,409,355,349,316,286,237,192,153,166,134,136,117,92,62,79,60,78,69,55,52,20,11,16,11,19,18,10,..,19,..,..,..,..,..,..,..,..,..,..,..,..,..,..,..,..,..,..,..,..,..,..,..,..,..
"Kurt",..,..,..,13,22,31,39,54,70,109,129,177,218,241,276,316,340,348,397,420,529,545,577,569,584,674,807,730,718,660,582,534,500,469,406,342,336,327,240,264,227,213,185,188,134,141,104,79,89,70,70,64,56,62,48,33,39,25,31,23,25,21,14,19,24,11,14,..,..,..,..,..,..,..,..,..,..,..,..,..,..,..,..,..,..,..,..,..,..,..,..,..,..,..,..,..,..,..,..,..,..
"Lars",..,..,15,18,34,42,48,81,121,159,208,261,306,362,488,585,677,791,823,902,1127,1133,1321,1548,1578,1711,2156,2465,2726,2740,2801,2726,2672,2730,2438,2366,2421,2392,2180,2174,2342,2328,2224,2294,2024,1955,1969,1930,1974,1956,1966,1795,1492,1351,1260,1150,1107,1012,990,906,762,726,628,687,645,623,600,303,309,264,233,187,176,198,193,212,89,62,47,44,27,30,32,27,17,19,11,19,15,15,..,12,..,..,11,22,18,19,14,22,16
"Leif",..,..,..,..,..,..,..,..,..,11,19,34,35,52,78,114,134,176,244,301,408,464,611,754,907,1088,1460,1719,1942,1860,1608,1490,1414,1375,1282,1182,1081,1127,1048,1011,1016,943,895,865,853,696,643,638,517,512,469,359,349,275,257,252,211,160,150,130,122,111,88,81,87,80,77,45,29,31,27,17,17,17,..,20,..,..,..,..,..,..,..,..,..,..,..,..,..,..,..,..,..,..,..,..,..,..,..,..,..
"Lennart",..,..,10,10,13,24,41,39,65,73,107,131,154,179,195,300,319,373,357,414,401,422,495,525,536,589,724,829,884,958,930,964,942,953,899,889,946,888,760,842,856,723,700,651,527,497,432,411,378,352,295,209,164,150,109,108,85,91,75,64,56,45,34,44,40,41,20,18,13,14,..,14,18,20,10,16,..,10,..,..,..,..,..,..,..,..,..,..,..,..,..,..,..,..,..,..,..,..,..,..,..
"Leo",..,..,..,..,..,..,..,..,..,..,..,..,..,..,..,..,14,10,19,12,12,13,22,19,18,19,17,16,19,25,16,23,17,30,25,21,27,24,24,28,27,12,18,23,15,18,20,23,23,18,12,13,12,10,15,18,12,13,10,11,13,10,16,18,24,24,23,35,25,30,47,51,56,59,73,75,76,84,92,94,91,88,111,147,196,255,329,453,562,632,644,675,702,689,767,659,669,610,560,530,512
"Linus",..,..,..,..,..,..,..,..,..,..,..,..,..,..,..,..,..,..,..,..,..,..,..,..,..,..,..,..,..,..,..,..,..,..,..,..,..,..,..,..,..,..,..,..,..,..,..,..,..,..,12,18,13,20,22,44,64,57,71,85,119,179,151,161,196,197,200,211,286,334,431,436,514,625,640,685,710,629,681,604,572,676,768,753,808,840,797,812,748,689,649,552,497,441,374,319,252,242,212,144,119
"Lucas",..,..,..,..,..,..,..,..,..,..,..,..,..,..,..,..,..,..,..,..,..,..,..,..,..,..,..,..,..,..,..,..,..,..,..,..,..,..,..,..,..,..,..,..,..,..,..,..,..,11,10,..,10,10,11,16,22,16,20,43,31,50,52,73,101,132,134,119,137,139,152,112,173,181,227,290,359,356,326,414,474,673,794,840,878,924,984,1071,1052,1095,1177,1038,1118,1125,1030,974,926,935,891,797,810
"Ludvig",..,..,..,..,..,..,..,..,..,..,..,..,..,..,..,..,..,..,..,..,..,..,..,..,..,..,..,..,..,..,..,..,..,..,..,..,..,..,..,..,..,..,..,..,..,..,..,..,..,..,10,..,13,..,..,10,27,19,17,22,18,22,19,21,38,33,51,61,49,85,96,84,150,171,222,256,302,380,394,439,404,445,459,458,477,550,531,630,641,585,586,604,598,554,574,576,564,568,573,541,529
"Magnus",..,..,..,..,..,..,..,..,..,..,..,..,..,..,..,..,..,11,..,10,..,14,17,19,22,22,48,48,55,79,71,79,89,74,94,113,127,134,164,202,238,236,317,370,506,596,815,1004,1214,1459,1937,2086,2282,2085,2005,2036,1976,2127,1884,1737,1434,1335,1064,990,876,826,739,733,644,587,533,483,467,380,360,309,238,218,165,132,96,85,75,42,54,48,40,27,30,28,17,15,14,26,13,11,11,..,13,15,..
"Marcus",..,..,..,..,..,..,..,..,..,..,..,..,..,..,..,..,..,..,..,..,..,..,..,..,..,..,..,..,..,..,..,..,..,..,16,..,12,..,15,14,14,16,15,19,31,38,35,64,67,76,133,183,190,299,409,515,711,849,1031,1129,1072,1132,1108,1110,1174,962,964,1156,1043,1432,1410,1343,1529,1666,1734,1814,1797,1632,1769,1486,1189,1008,895,815,782,675,612,546,484,370,325,315,256,202,150,151,116,119,105,102,75
"Martin",..,..,..,..,..,..,..,..,12,11,19,15,20,22,29,29,18,29,49,32,33,37,40,58,38,43,47,58,57,54,63,66,76,74,72,82,80,119,83,103,124,138,144,166,171,196,229,278,329,406,466,570,529,670,736,828,863,941,1027,1155,1381,1264,1158,1286,1217,1200,1223,1251,1072,1020,1036,1030,1171,1142,1146,1213,1140,968,938,732,644,559,503,433,382,336,304,302,220,192,177,158,151,97,108,91,69,83,67,52,52
"Mats",..,..,..,..,..,..,..,..,15,14,12,19,35,28,29,54,52,64,64,90,124,141,148,188,236,241,287,396,474,553,632,633,734,770,804,803,969,1143,1224,1349,1456,1636,2123,1946,1942,2053,1843,1883,2016,1804,1593,1454,1237,1036,921,895,748,679,540,491,453,381,339,328,263,278,266,224,178,151,142,123,119,72,71,78,56,39,38,26,15,15,11,..,13,..,12,..,10,..,..,..,..,..,..,..,..,..,11,..,..
"Mattias",..,..,..,..,..,..,..,..,..,..,..,..,..,..,..,..,..,..,..,..,..,..,..,..,..,..,..,..,..,10,..,10,..,12,..,..,..,..,..,..,13,16,18,18,40,44,57,48,61,108,194,261,476,639,1115,1636,1884,2026,1999,1843,1658,1525,1380,1275,1140,1084,1116,1023,1118,1103,1189,1219,1327,1321,1316,1289,1226,1040,948,701,629,518,456,475,386,305,285,260,210,177,183,155,147,120,111,86,95,98,91,63,71
"Max",..,..,..,..,..,..,..,..,..,..,..,..,..,..,..,10,12,..,12,13,15,11,12,15,..,20,14,22,19,23,27,21,31,26,27,21,28,28,22,32,23,34,28,21,29,28,28,34,31,38,40,39,38,40,62,47,47,41,62,67,49,42,46,40,46,62,59,75,106,109,169,202,235,297,330,367,309,392,371,451,392,415,360,408,437,501,503,542,630,631,668,557,570,577,533,483,488,386,374,310,288
"Mikael",..,..,..,..,..,..,..,..,..,..,..,..,..,..,..,..,..,..,..,11,13,15,16,18,16,24,37,34,50,54,80,72,86,119,157,145,233,374,418,632,910,1108,1472,2007,2290,2852,3280,4164,3870,3214,3135,2894,2478,2317,2250,2243,2222,2132,2075,1849,1706,1731,1576,1617,1647,1537,1511,1585,1433,1452,1444,1312,1254,1202,1096,982,751,623,495,401,335,258,219,207,191,168,154,110,122,96,104,85,92,85,93,89,94,96,91,95,77
"Mohamed",..,..,..,..,..,..,..,..,..,..,..,..,..,..,11,12,13,14,17,16,21,28,22,42,48,44,62,56,86,104,75,101,113,126,116,135,162,170,195,200,204,214,237,217,300,252,305,277,306,383,346,348,363,372,341,320,385,345,394,429,427,502,517,574,698,614,743,753,777,830,827,760,769,717,744,669,662,751,772,849,792,847,907,806,740,639,580,609,597,593,593,576,559,560,563,574,584,528,494,465,449
"Niklas",..,..,..,..,..,..,..,..,..,..,..,..,..,..,..,..,..,..,..,..,..,..,..,..,..,..,..,..,..,..,..,..,..,..,..,..,..,14,16,..,18,30,31,28,46,63,116,225,1079,988,1099,1204,1273,1115,1326,1485,1525,1491,1303,1015,957,977,962,810,800,766,798,830,1115,1341,1445,1371,1382,1412,1430,1290,1279,982,842,627,470,451,348,269,215,204,149,114,106,83,79,69,48,42,39,24,34,30,33,24,19
"Nils ",25,32,18,37,69,94,110,167,218,274,335,360,467,487,617,568,678,670,664,689,804,738,836,759,819,844,944,992,1062,1077,995,1027,965,823,742,638,619,524,506,449,423,326,304,267,251,236,236,204,254,270,259,232,236,248,249,256,270,248,236,266,235,205,229,261,287,306,297,138,173,204,183,191,161,163,179,239,220,165,200,159,200,179,156,180,197,216,254,263,261,285,305,373,376,403,460,474,468,501,521,552,499
"Oliver",..,..,..,..,..,..,..,..,..,..,..,..,..,..,..,..,..,..,..,..,..,..,..,..,..,..,..,..,..,..,..,..,..,..,..,..,..,..,..,..,..,..,..,..,..,..,..,11,..,10,..,17,12,30,20,25,21,34,24,28,24,23,21,29,22,22,31,24,23,20,33,50,54,103,201,271,296,366,358,386,448,471,522,498,567,647,709,710,652,716,667,770,780,788,823,755,706,788,765,727,635
"Olle",..,..,..,..,..,..,..,11,..,18,30,21,30,42,37,48,59,65,65,72,76,78,69,84,68,90,82,94,104,104,116,94,121,100,91,94,68,84,79,82,96,83,69,59,65,52,46,48,55,44,42,39,24,40,20,27,33,28,36,31,45,38,47,56,79,60,75,76,93,106,103,82,122,124,179,144,138,150,138,162,168,158,164,178,182,205,286,312,363,382,445,439,425,453,465,615,590,553,445,449,379
"Olof",..,..,..,17,28,23,33,45,54,95,87,122,137,159,151,183,180,178,167,194,177,196,196,211,208,200,235,255,279,271,259,276,237,271,235,191,202,201,205,200,200,204,174,200,176,163,201,184,174,210,170,190,172,174,179,149,151,132,152,185,172,154,151,165,202,230,218,196,189,187,165,154,171,177,138,153,133,120,120,92,89,86,82,63,68,82,86,83,94,75,76,96,78,96,75,89,67,70,103,94,96
"Oskar",..,..,..,..,..,..,11,12,13,14,27,30,40,26,37,28,33,37,38,33,34,36,24,18,37,29,26,22,23,19,27,31,20,16,26,15,17,27,19,..,17,24,16,21,21,18,21,34,23,36,32,34,48,59,82,106,125,115,139,180,171,195,221,226,311,316,344,386,458,572,571,691,784,888,1033,1081,1306,1359,1412,1366,1289,1332,1167,1328,1111,1160,1106,1077,1132,1163,1121,1052,1103,1026,1119,954,941,898,817,741,828
"Patrik",..,..,..,..,..,..,..,..,..,..,..,..,..,..,..,..,..,..,..,..,..,..,..,..,..,..,..,..,..,..,10,13,..,14,13,15,19,17,17,27,28,31,45,58,49,97,177,445,1043,1242,1501,1707,1735,1723,1871,1675,1305,1142,998,821,685,702,626,623,584,711,943,956,958,973,969,954,952,840,908,743,718,631,487,415,313,203,212,116,138,121,111,79,84,72,58,60,52,48,45,45,27,36,32,16,16
"Per",10,17,..,11,35,48,69,73,103,119,171,179,223,242,252,311,388,401,407,445,526,519,534,602,619,677,793,834,991,1000,1103,1046,1178,1160,1193,1139,1159,1201,1250,1296,1329,1438,1473,1592,1597,1756,1876,1941,2102,2069,1974,1911,1655,1574,1548,1547,1421,1384,1335,1301,1198,1087,1049,1061,1112,1060,1030,646,682,604,539,454,433,383,332,402,224,181,152,122,91,62,75,53,41,38,42,45,25,27,30,29,18,28,15,23,..,14,18,..,10
"Peter",..,..,..,..,..,..,..,..,..,..,..,..,..,..,10,11,13,15,28,27,31,58,56,80,104,126,147,186,215,283,322,338,361,434,441,555,644,771,978,1124,1360,1641,1870,1807,2039,2194,2420,2650,2837,2888,2856,2666,2279,2058,2014,1918,1749,1596,1419,1204,1063,1080,1092,1152,1020,985,997,893,771,783,663,562,459,386,330,305,225,180,156,121,94,65,63,47,51,49,53,41,29,26,24,40,26,23,27,19,25,13,25,12,19
"Pontus",..,..,..,..,..,..,..,..,..,..,..,..,..,..,..,..,..,..,..,..,..,..,..,..,..,..,..,..,..,..,..,..,..,..,..,..,..,..,..,..,13,16,18,15,15,28,28,53,71,74,83,86,79,90,133,139,128,92,132,101,112,125,135,140,117,154,133,144,181,207,248,265,328,415,581,712,770,799,715,706,582,488,466,384,357,342,344,295,291,190,203,160,135,101,116,107,90,71,72,49,41
"Rasmus",..,..,..,..,..,..,..,..,..,..,..,..,..,..,..,..,..,..,..,..,..,..,..,..,..,..,..,..,..,..,..,..,..,..,..,..,..,..,..,..,..,..,..,..,..,..,..,..,..,..,..,12,11,10,12,16,21,23,35,58,41,55,61,52,70,71,82,113,115,175,172,238,320,407,548,582,648,881,839,730,631,608,590,639,617,644,621,666,595,505,477,435,437,435,379,348,283,237,230,171,137
"Rickard",..,..,..,..,..,..,..,..,..,..,..,..,..,..,12,15,12,19,17,15,13,27,23,30,14,25,33,49,42,56,47,77,77,62,60,74,78,92,85,101,109,131,129,179,197,219,223,294,422,544,610,647,711,727,751,712,692,663,721,677,689,640,611,607,608,670,621,677,858,995,870,799,702,663,731,700,611,555,473,381,271,277,212,215,174,137,116,92,90,70,65,44,38,34,27,31,25,32,23,26,14
"Robert",..,..,..,..,..,..,..,..,..,..,..,..,14,..,16,16,18,16,21,18,23,31,53,40,40,52,68,56,89,64,85,95,105,101,147,128,165,161,179,196,213,227,209,225,263,400,425,488,627,595,582,788,920,858,881,878,896,829,858,905,880,866,768,733,711,706,689,689,664,645,731,763,692,591,559,568,489,361,306,259,197,162,109,94,86,59,59,40,33,46,37,25,24,17,18,20,15,20,19,16,10
"Robin",..,..,..,..,..,..,..,..,..,..,..,..,..,..,..,..,..,..,..,..,..,..,..,..,..,..,..,..,..,..,12,10,..,..,..,..,..,..,..,..,10,16,19,12,16,10,16,15,15,16,14,27,37,53,57,46,63,54,58,69,59,92,101,121,146,188,253,349,405,570,1079,1345,1643,1662,1801,1530,1475,1250,1160,905,717,530,452,415,442,398,394,347,342,314,291,246,213,202,193,167,126,100,81,79,49
"Roger",..,..,..,..,..,..,..,..,..,..,..,..,..,..,..,..,..,..,..,14,16,28,41,46,56,79,92,143,197,217,265,243,309,356,351,383,405,478,476,513,538,584,533,501,475,578,638,654,865,946,950,928,731,716,602,553,490,487,402,276,264,215,211,160,141,124,115,110,82,77,63,59,36,34,33,27,19,10,..,11,..,10,..,..,..,..,..,..,..,..,..,..,..,..,..,..,..,..,..,..,..
"Rolf",..,..,..,..,..,..,20,37,42,56,85,101,126,170,242,307,315,456,561,691,711,796,864,840,935,962,1172,1221,1205,1219,1152,991,986,887,807,770,742,694,613,566,506,492,440,482,387,344,311,253,269,235,184,172,147,104,93,109,98,68,87,57,54,64,42,55,30,42,32,..,..,..,13,11,..,..,13,12,..,..,..,..,..,..,..,..,..,..,..,..,..,..,..,..,..,..,..,..,..,..,..,..,..
"Samuel",..,..,..,..,..,..,..,..,..,..,..,..,..,..,..,..,..,..,..,..,..,..,11,..,..,..,..,..,..,..,..,13,10,..,10,14,16,15,17,..,12,17,14,18,15,15,17,30,27,33,31,29,29,37,48,51,59,60,76,84,102,103,101,119,109,122,144,162,162,142,177,155,176,170,180,235,238,286,223,251,262,314,559,616,581,527,492,463,374,374,382,346,307,306,237,261,261,266,228,225,153
"Sebastian",..,..,..,..,..,..,..,..,..,..,..,..,..,..,..,..,..,..,..,..,..,..,..,..,..,..,..,..,..,..,..,..,..,..,..,..,..,..,..,..,..,..,..,..,..,..,..,..,11,10,13,17,28,38,50,45,76,74,119,101,130,125,137,175,260,215,263,449,493,575,508,666,888,970,1081,1115,1068,1021,1019,931,803,697,663,662,666,638,642,587,551,427,486,414,397,355,325,291,274,252,247,205,145
"Simon",..,..,..,..,..,..,..,..,..,..,..,..,..,..,..,..,..,..,..,..,..,..,..,..,..,..,..,..,..,10,10,..,..,12,14,..,..,..,13,15,14,15,..,18,22,23,30,36,46,46,56,62,41,76,69,70,67,100,107,116,125,167,143,188,215,231,292,409,395,508,626,662,764,1351,1401,1511,1572,1408,1423,1337,1149,1187,1169,1122,1072,888,946,946,852,734,695,615,581,481,467,403,339,324,266,212,177
"Stefan",..,..,..,..,..,..,..,..,..,..,..,..,..,..,..,..,..,..,10,..,25,20,24,24,35,42,47,71,112,155,192,201,272,333,394,413,535,682,782,1082,1076,1241,1304,1369,1390,1438,1461,1657,1895,1950,1920,1859,1690,1578,1574,1422,1225,1116,1008,882,739,799,728,690,667,612,541,600,541,512,483,469,424,379,380,290,245,222,168,131,92,77,69,69,57,58,52,39,44,38,40,39,34,31,31,28,30,33,37,28,26
"Stig",..,..,12,17,34,41,61,89,149,196,241,305,385,413,517,664,709,687,757,784,853,858,853,960,930,907,1139,1003,1053,1036,961,878,827,725,677,536,571,489,432,413,390,344,251,216,192,156,136,130,127,112,103,88,87,92,71,89,55,51,53,56,42,27,46,42,36,27,26,..,..,..,..,..,..,..,..,10,..,..,..,..,..,..,..,..,..,..,..,..,..,..,..,11,..,..,14,17,17,19,16,24,13
"Sven",30,33,22,39,64,100,124,169,273,280,356,436,529,651,723,839,925,950,924,953,1058,1080,1118,1169,1100,1135,1211,1250,1269,1318,1200,1182,1147,1081,895,833,753,770,616,553,552,490,459,447,333,296,304,344,311,299,311,314,298,262,238,222,246,220,203,184,164,165,147,142,176,131,142,64,50,43,47,44,41,36,39,64,23,26,23,17,22,19,13,13,13,16,22,18,18,23,28,23,19,33,20,41,44,37,38,47,55
"Thomas",..,..,..,..,..,..,..,..,..,..,..,..,..,..,10,..,..,..,11,13,24,24,28,39,48,68,107,171,263,358,466,530,559,713,781,903,936,1240,1328,1500,1533,1579,1596,1678,1867,1825,2054,2062,2248,2278,2302,2279,2108,1881,1725,1695,1515,1423,1502,1261,1101,998,890,974,966,866,859,835,792,767,638,532,589,473,458,343,287,253,187,142,117,102,98,97,78,70,56,55,64,37,47,64,46,38,41,43,40,41,30,31,27
"Tobias",..,..,..,..,..,..,..,..,..,..,..,..,..,..,..,..,..,..,..,..,..,..,..,..,..,..,..,..,..,..,..,..,..,..,..,..,..,..,..,..,..,..,..,..,..,..,..,12,20,25,48,45,70,124,174,265,344,442,601,651,776,704,678,628,599,574,570,676,689,787,792,820,983,1004,1042,991,949,874,739,607,542,501,475,352,300,277,226,237,193,142,138,94,86,47,61,35,25,26,23,20,18
"Tommy",..,..,..,..,..,..,..,..,..,..,..,..,..,..,..,..,..,..,13,19,30,35,59,75,81,107,178,277,454,558,653,860,884,857,901,857,831,852,788,788,734,736,912,763,644,678,655,651,640,650,605,565,517,562,544,492,436,375,373,325,310,264,315,389,401,347,359,315,385,401,368,331,351,322,292,215,218,150,95,74,62,46,41,36,46,24,22,16,20,14,25,13,20,10,..,11,..,..,..,..,..
"Tony",..,..,..,..,..,..,..,..,..,..,..,..,..,..,..,..,..,..,..,..,12,11,10,17,20,13,23,40,43,51,50,47,48,52,38,49,76,84,119,160,241,230,200,238,282,337,366,348,429,531,488,434,335,337,309,317,321,256,309,289,238,230,252,242,215,183,194,184,166,190,158,162,173,123,162,129,124,123,106,80,69,46,41,24,33,27,18,25,24,21,20,18,12,11,11,10,10,..,..,..,..
"Torbjörn",..,..,..,..,..,..,..,..,..,..,..,..,..,..,..,13,15,13,23,25,35,47,53,63,63,73,95,138,152,178,174,195,172,207,210,232,226,291,307,327,366,381,369,463,520,604,564,535,452,494,461,426,331,277,307,291,280,255,266,194,199,131,116,114,109,94,84,86,77,72,65,57,49,43,41,35,18,19,16,17,10,..,..,10,..,..,..,..,..,..,..,..,..,..,..,..,..,..,..,..,..
"Ulf",..,..,..,..,..,..,..,..,17,15,10,24,22,34,48,55,84,91,121,146,185,260,338,361,376,505,589,715,798,878,960,859,907,862,894,854,928,937,928,991,1091,1279,1236,1192,1122,1079,991,1139,1237,1121,844,821,714,653,550,474,373,333,338,226,215,190,153,188,142,151,132,65,66,64,41,45,42,38,32,35,13,19,..,..,..,..,..,..,..,..,..,..,..,..,..,..,..,..,..,..,..,..,..,..,..
"Viktor",..,..,..,..,..,..,..,..,..,..,..,..,13,..,..,15,..,..,..,12,12,12,12,14,10,24,17,17,21,15,25,21,20,22,17,18,26,29,25,23,21,30,36,24,32,27,33,36,31,30,32,31,39,37,37,47,62,65,72,101,100,100,145,141,191,211,250,327,436,567,707,702,1080,1260,1434,1542,1598,1482,1414,1246,1178,1001,1020,1059,1090,999,968,999,981,895,961,874,811,738,761,724,657,661,566,484,438
"William",..,..,..,..,..,..,..,..,..,..,..,..,..,..,..,..,..,..,..,..,..,..,15,..,..,12,..,..,..,16,26,21,11,15,18,17,11,20,17,10,..,18,23,17,14,16,20,20,25,19,22,21,23,22,29,19,23,30,22,32,51,30,29,49,39,40,56,62,72,78,73,105,141,144,215,236,315,346,447,491,646,711,865,976,1090,996,1021,1207,1206,1059,1115,1155,963,1043,1036,1038,897,916,883,999,751
"Åke",10,11,..,..,13,50,41,61,79,113,155,164,167,202,238,252,291,273,301,327,361,391,463,418,475,485,556,539,524,575,514,514,515,428,431,341,408,381,362,297,352,328,289,278,260,241,215,188,169,152,113,112,83,70,62,56,50,42,38,32,34,27,17,13,16,18,14,10,..,..,..,11,..,..,11,..,..,..,..,..,..,..,..,..,10,..,10,11,10,17,18,17,19,16,25,22,26,26,38,23,20
